[
  {
    "NomeArquivo": "chromedriver.exe",
    "Versoes": [
      {
        "Versao": 120,
        "UrlArquivo32Bits": "https://edgedl.me.gvt1.com/edgedl/chrome/chrome-for-testing/120.0.6099.109/win32/chromedriver-win32.zip",
        "UrlArquivo64Bits": "https://edgedl.me.gvt1.com/edgedl/chrome/chrome-for-testing/120.0.6099.109/win64/chromedriver-win64.zip"
      },
      {
        "Versao": 121,
        "UrlArquivo32Bits": "https://edgedl.me.gvt1.com/edgedl/chrome/chrome-for-testing/121.0.6111.0/win32/chromedriver-win32.zip",
        "UrlArquivo64Bits": "https://edgedl.me.gvt1.com/edgedl/chrome/chrome-for-testing/121.0.6111.0/win64/chromedriver-win64.zip"
      },
      {
        "Versao": 122,
        "UrlArquivo32Bits": "https://edgedl.me.gvt1.com/edgedl/chrome/chrome-for-testing/122.0.6168.0/win32/chromedriver-win32.zip",
        "UrlArquivo64Bits": "https://edgedl.me.gvt1.com/edgedl/chrome/chrome-for-testing/122.0.6168.0/win64/chromedriver-win64.zip"
      },
      {
        "Versao": 123,
        "UrlArquivo32Bits": "https://edgedl.me.gvt1.com/edgedl/chrome/chrome-for-testing/123.0.6263.0/win32/chromedriver-win32.zip",
        "UrlArquivo64Bits": "https://edgedl.me.gvt1.com/edgedl/chrome/chrome-for-testing/123.0.6263.0/win64/chromedriver-win64.zip"
      }
    ]
  }
]
